customer_id,name,email
1,Robert Williams,mike89@example.com
2,Allison Whitney,hdavid@example.org
3,Cheryl Allen,waltersjacqueline@example.net
4,Albert Bailey,raymondsarah@example.org
5,Jeffrey Martinez,garywilson@example.org
6,Chris Williams,gdavis@example.org
7,Jessica Barnett,gjohnson@example.com
8,David Moore,robert74@example.com
9,Crystal Browning,cnelson@example.com
10,Adrienne Everett,catherinerivera@example.com
11,Caitlin Rose,currysharon@example.com
12,Cory Tyler,cynthia28@example.org
13,Samuel Hill,jacqueline26@example.net
14,Brenda Flores,johndavenport@example.com
15,William Pittman,gabriel60@example.com
16,Shane Gill,clarkhenry@example.net
17,Megan Walter,martinezjoel@example.com
18,Jean Chaney,yaguilar@example.net
19,Brenda Jordan,micheal00@example.com
20,Jennifer Conner,cynthia38@example.com
21,William Rose,eneal@example.org
22,Beverly Butler,ashleybartlett@example.org
23,Jessica Mcdonald,emily41@example.net
24,Michael Douglas,leonardjames@example.net
25,Alexander Lowery,stephensbianca@example.com
26,Crystal Jones,glovermichael@example.net
27,Michelle Stone,madelinechurch@example.net
28,Adam Nichols,aliciagreene@example.org
29,Daniel Gutierrez,pbradford@example.org
30,Kenneth Estrada,yrussell@example.org
31,Maria Green,patkinson@example.org
32,Susan Martinez,wjones@example.net
33,Amber Anderson,cameron94@example.net
34,Shannon Chang,yvonne64@example.com
35,Charles Jones,fmoore@example.org
36,Scott Marsh,marcus67@example.com
37,Jessica Simpson,gravesmartin@example.org
38,Scott Martinez,armstrongrita@example.net
39,Amy Vazquez,gregory59@example.com
40,Kenneth Abbott,debrahamilton@example.net
41,Cynthia Parker,vmartinez@example.net
42,Steven Wright,jeremy75@example.com
43,Laura Daniel,usantiago@example.net
44,Jackie Gill,jnavarro@example.com
45,Alexis Walton,randolphsteven@example.org
46,Jennifer Gonzales,alicia44@example.org
47,Lisa Mosley,alexisrivera@example.net
48,Madison Mccoy,ugibson@example.net
49,Stephanie Gibson,harrissteven@example.org
50,Jason Sloan,walterronald@example.com
